id,season,city
335982,2007/08,Bangalore
335983,2007/08,Chandigarh
335984,2007/08,Delhi
335985,2007/08,Mumbai
335986,2007/08,Kolkata
335987,2007/08,Jaipur
335988,2007/08,Hyderabad
335989,2007/08,Chennai
335990,2007/08,Hyderabad
335991,2007/08,Chandigarh
335992,2007/08,Bangalore
335993,2007/08,Chennai
335994,2007/08,Mumbai
335995,2007/08,Chandigarh
335996,2007/08,Bangalore
335997,2007/08,Kolkata
335998,2007/08,Delhi
335999,2007/08,Hyderabad
336000,2007/08,Jaipur
336001,2007/08,Chennai
336003,2007/08,Chandigarh
336034,2007/08,Bangalore
336004,2007/08,Mumbai
336005,2007/08,Jaipur
336006,2007/08,Bangalore
336007,2007/08,Chennai
336008,2007/08,Mumbai
336009,2007/08,Delhi
336010,2007/08,Kolkata
336011,2007/08,Jaipur
336013,2007/08,Chennai
336014,2007/08,Hyderabad
336015,2007/08,Jaipur
336016,2007/08,Chandigarh
336017,2007/08,Kolkata
336018,2007/08,Mumbai
336020,2007/08,Delhi
336021,2007/08,Mumbai
336022,2007/08,Delhi
336023,2007/08,Jaipur
336024,2007/08,Hyderabad
336025,2007/08,Kolkata
336026,2007/08,Bangalore
336027,2007/08,Kolkata
336028,2007/08,Mumbai
336029,2007/08,Chennai
336031,2007/08,Chandigarh
336032,2007/08,Delhi
336033,2007/08,Chennai
336002,2007/08,Hyderabad
336035,2007/08,Kolkata
336036,2007/08,Jaipur
336037,2007/08,Hyderabad
336012,2007/08,Bangalore
336019,2007/08,Chandigarh
336038,2007/08,Mumbai
336039,2007/08,Mumbai
336040,2007/08,Mumbai
392181,2009,Cape Town
392182,2009,Cape Town
392183,2009,Cape Town
392184,2009,Cape Town
392185,2009,Port Elizabeth
392186,2009,Durban
392188,2009,Cape Town
392189,2009,Durban
392190,2009,Cape Town
392191,2009,Durban
392192,2009,Durban
392194,2009,Port Elizabeth
392195,2009,Cape Town
392196,2009,Durban
392197,2009,Port Elizabeth
392198,2009,Centurion
392199,2009,Durban
392200,2009,Durban
392201,2009,Centurion
392202,2009,Centurion
392203,2009,East London
392204,2009,Durban
392205,2009,Port Elizabeth
392206,2009,Johannesburg
392207,2009,Port Elizabeth
392208,2009,Johannesburg
392209,2009,East London
392210,2009,Durban
392211,2009,Durban
392212,2009,Centurion
392213,2009,Centurion
392214,2009,Centurion
392215,2009,East London
392216,2009,Kimberley
392217,2009,Kimberley
392218,2009,Port Elizabeth
392219,2009,Johannesburg
392220,2009,Kimberley
392221,2009,Centurion
392222,2009,Centurion
392223,2009,Durban
392224,2009,Durban
392225,2009,Durban
392226,2009,Bloemfontein
392227,2009,Port Elizabeth
392228,2009,Johannesburg
392229,2009,Johannesburg
392230,2009,Bloemfontein
392231,2009,Centurion
392232,2009,Johannesburg
392233,2009,Durban
392234,2009,Durban
392235,2009,Centurion
392236,2009,Centurion
392237,2009,Centurion
392238,2009,Johannesburg
392239,2009,Johannesburg
419106,2009/10,Mumbai
419107,2009/10,Mumbai
419108,2009/10,Chandigarh
419109,2009/10,Kolkata
419110,2009/10,Chennai
419111,2009/10,Ahmedabad
419112,2009/10,Bangalore
419113,2009/10,Kolkata
419114,2009/10,Delhi
419115,2009/10,Bangalore
419116,2009/10,Delhi
419117,2009/10,Cuttack
419118,2009/10,Ahmedabad
419119,2009/10,Mumbai
419120,2009/10,Cuttack
419121,2009/10,Chennai
419122,2009/10,Mumbai
419123,2009/10,Bangalore
419124,2009/10,Chandigarh
419125,2009/10,Mumbai
419128,2009/10,Bangalore
419126,2009/10,Ahmedabad
419127,2009/10,Chandigarh
419129,2009/10,Ahmedabad
419130,2009/10,Mumbai
419131,2009/10,Delhi
419132,2009/10,Mumbai
419133,2009/10,Chennai
419134,2009/10,Delhi
419135,2009/10,Kolkata
419136,2009/10,Chandigarh
419137,2009/10,Chennai
419138,2009/10,Mumbai
419139,2009/10,Kolkata
419140,2009/10,Delhi
419141,2009/10,Nagpur
419142,2009/10,Chennai
419143,2009/10,Jaipur
419144,2009/10,Kolkata
419145,2009/10,Bangalore
419146,2009/10,Chandigarh
419147,2009/10,Nagpur
419148,2009/10,Bangalore
419149,2009/10,Delhi
419150,2009/10,Jaipur
419151,2009/10,Nagpur
419152,2009/10,Mumbai
419153,2009/10,Chennai
419154,2009/10,Jaipur
419155,2009/10,Chennai
419156,2009/10,Dharamsala
419157,2009/10,Bangalore
419158,2009/10,Kolkata
419159,2009/10,Dharamsala
419160,2009/10,Delhi
419161,2009/10,Kolkata
419162,2009/10,Mumbai
419163,2009/10,Mumbai
419164,2009/10,Mumbai
419165,2009/10,Mumbai
501198,2011,Chennai
501199,2011,Hyderabad
501200,2011,Kochi
501201,2011,Delhi
501202,2011,Mumbai
501203,2011,Kolkata
501204,2011,Jaipur
501205,2011,Bangalore
501206,2011,Chandigarh
501207,2011,Mumbai
501208,2011,Hyderabad
501209,2011,Jaipur
501210,2011,Mumbai
501211,2011,Chennai
501212,2011,Hyderabad
501213,2011,Mumbai
501214,2011,Kolkata
501215,2011,Kochi
501216,2011,Delhi
501218,2011,Mumbai
501219,2011,Kolkata
501220,2011,Chandigarh
501221,2011,Mumbai
501222,2011,Kolkata
501223,2011,Delhi
501224,2011,Hyderabad
501225,2011,Jaipur
501226,2011,Chennai
501227,2011,Delhi
501228,2011,Mumbai
501229,2011,Kochi
501230,2011,Delhi
501231,2011,Jaipur
501232,2011,Bangalore
501233,2011,Kochi
501234,2011,Kolkata
501235,2011,Jaipur
501236,2011,Chennai
501237,2011,Mumbai
501238,2011,Delhi
501239,2011,Hyderabad
501240,2011,Chennai
501241,2011,Mumbai
501242,2011,Kochi
501243,2011,Hyderabad
501244,2011,Bangalore
501245,2011,Kolkata
501246,2011,Mumbai
501247,2011,Bangalore
501248,2011,Chandigarh
501249,2011,Jaipur
501250,2011,Hyderabad
501251,2011,Chandigarh
501252,2011,Jaipur
501253,2011,Chennai
501254,2011,Indore
501255,2011,Bangalore
501256,2011,Mumbai
501257,2011,Dharamsala
501258,2011,Indore
501259,2011,Mumbai
501260,2011,Dharamsala
501261,2011,Chennai
501262,2011,Mumbai
501263,2011,Mumbai
501264,2011,Dharamsala
501265,2011,Delhi
501266,2011,Bangalore
501267,2011,Kolkata
501268,2011,Mumbai
501269,2011,Mumbai
501270,2011,Chennai
501271,2011,Chennai
548306,2012,Chennai
548307,2012,Kolkata
548308,2012,Mumbai
548309,2012,Jaipur
548310,2012,Bangalore
548311,2012,Visakhapatnam
548312,2012,Jaipur
548313,2012,Pune
548314,2012,Visakhapatnam
548315,2012,Bangalore
548316,2012,Delhi
548317,2012,Mumbai
548318,2012,Chennai
548319,2012,Chandigarh
548320,2012,Kolkata
548322,2012,Pune
548323,2012,Kolkata
548324,2012,Bangalore
548325,2012,Mumbai
548326,2012,Jaipur
548327,2012,Bangalore
548328,2012,Chandigarh
548321,2012,Delhi
548330,2012,Chennai
548331,2012,Chandigarh
548332,2012,Chennai
548333,2012,Delhi
548334,2012,Mumbai
548335,2012,Cuttack
548336,2012,Jaipur
548337,2012,Pune
548339,2012,Chandigarh
548341,2012,Pune
548342,2012,Delhi
548343,2012,Chennai
548344,2012,Kolkata
548345,2012,Delhi
548346,2012,Mumbai
548347,2012,Chennai
548348,2012,Cuttack
548349,2012,Jaipur
548350,2012,Bangalore
548351,2012,Pune
548352,2012,Chennai
548353,2012,Kolkata
548354,2012,Chandigarh
548355,2012,Mumbai
548356,2012,Bangalore
548357,2012,Delhi
548358,2012,Pune
548359,2012,Hyderabad
548360,2012,Mumbai
548329,2012,Hyderabad
548361,2012,Jaipur
548362,2012,Pune
548363,2012,Kolkata
548364,2012,Chennai
548365,2012,Jaipur
548366,2012,Chandigarh
548367,2012,Bangalore
548368,2012,Kolkata
548369,2012,Delhi
548370,2012,Mumbai
548371,2012,Dharamsala
548372,2012,Delhi
548373,2012,Hyderabad
548374,2012,Dharamsala
548375,2012,Pune
548376,2012,Hyderabad
548377,2012,Jaipur
548378,2012,Pune
548379,2012,Bangalore
548380,2012,Chennai
548381,2012,Chennai
597998,2013,Kolkata
597999,2013,Bangalore
598000,2013,Hyderabad
598001,2013,Delhi
598002,2013,Chennai
598003,2013,Pune
598004,2013,Hyderabad
598005,2013,Jaipur
598006,2013,Mumbai
598048,2013,Bangalore
598007,2013,Chandigarh
598008,2013,Bangalore
598009,2013,Pune
598010,2013,Delhi
598011,2013,Mumbai
598012,2013,Chennai
598013,2013,Kolkata
598014,2013,Jaipur
598015,2013,Chennai
598016,2013,Chandigarh
598017,2013,Bangalore
598018,2013,Pune
598019,2013,Jaipur
598020,2013,Delhi
598021,2013,Hyderabad
598022,2013,Kolkata
598023,2013,Bangalore
598024,2013,Delhi
598025,2013,Chandigarh
598026,2013,Chennai
598027,2013,Bangalore
598059,2013,Delhi
598029,2013,Kolkata
598030,2013,Chennai
598031,2013,Kolkata
598032,2013,Jaipur
598033,2013,Mumbai
598034,2013,Chennai
598035,2013,Raipur
598036,2013,Jaipur
598037,2013,Mumbai
598038,2013,Pune
598039,2013,Hyderabad
598040,2013,Raipur
598041,2013,Chennai
598042,2013,Pune
598043,2013,Kolkata
598044,2013,Hyderabad
598046,2013,Mumbai
598047,2013,Jaipur
598064,2013,Chandigarh
598049,2013,Jaipur
598050,2013,Mumbai
598051,2013,Hyderabad
598052,2013,Chandigarh
598053,2013,Pune
598054,2013,Delhi
598055,2013,Pune
598056,2013,Chandigarh
598057,2013,Ranchi
598058,2013,Jaipur
598060,2013,Mumbai
598045,2013,Bangalore
598062,2013,Chennai
598061,2013,Ranchi
598063,2013,Mumbai
598028,2013,Dharamsala
598065,2013,Hyderabad
598066,2013,Dharamsala
598068,2013,Bangalore
598067,2013,Pune
598069,2013,Hyderabad
598070,2013,Delhi
598071,2013,Delhi
598072,2013,Kolkata
598073,2013,Kolkata
729279,2014,Abu Dhabi
729281,2014,NA
729283,2014,Abu Dhabi
729285,2014,Abu Dhabi
729287,2014,NA
729289,2014,NA
729291,2014,NA
729293,2014,Abu Dhabi
729295,2014,NA
729297,2014,NA
729299,2014,NA
729301,2014,NA
729303,2014,NA
729305,2014,Abu Dhabi
729307,2014,Abu Dhabi
729309,2014,NA
729311,2014,NA
729313,2014,NA
729315,2014,Abu Dhabi
729317,2014,NA
733971,2014,Ranchi
733973,2014,Mumbai
733975,2014,Delhi
733977,2014,Bangalore
733979,2014,Ahmedabad
733981,2014,Delhi
733983,2014,Mumbai
733985,2014,Delhi
733987,2014,Cuttack
733989,2014,Ahmedabad
733991,2014,Bangalore
733993,2014,Delhi
733995,2014,Mumbai
733997,2014,Cuttack
733999,2014,Bangalore
734001,2014,Hyderabad
734003,2014,Ranchi
734005,2014,Bangalore
734007,2014,Hyderabad
734009,2014,Cuttack
734011,2014,Ahmedabad
734013,2014,Ranchi
734015,2014,Hyderabad
734017,2014,Ahmedabad
734019,2014,Delhi
734021,2014,Hyderabad
734023,2014,Kolkata
734025,2014,Chandigarh
734027,2014,Kolkata
734029,2014,Ranchi
734031,2014,Mumbai
734033,2014,Chandigarh
734035,2014,Bangalore
734037,2014,Kolkata
734039,2014,Chandigarh
734041,2014,Mumbai
734043,2014,Kolkata
734045,2014,Mumbai
734047,2014,Mumbai
734049,2014,Bangalore
829705,2015,Kolkata
829707,2015,Chennai
829709,2015,Pune
829711,2015,Chennai
829713,2015,Kolkata
829715,2015,Delhi
829717,2015,Mumbai
829719,2015,Bangalore
829721,2015,Ahmedabad
829725,2015,Pune
829727,2015,Visakhapatnam
829729,2015,Mumbai
829731,2015,Visakhapatnam
829733,2015,Pune
829735,2015,Ahmedabad
829737,2015,Bangalore
829739,2015,Delhi
829741,2015,Ahmedabad
829743,2015,Visakhapatnam
829745,2015,Bangalore
829747,2015,Delhi
829749,2015,Ahmedabad
829751,2015,Mumbai
829753,2015,Chennai
829757,2015,Delhi
829759,2015,Chandigarh
829765,2015,Chennai
829763,2015,Bangalore
829723,2015,Kolkata
829767,2015,Delhi
829769,2015,Mumbai
829771,2015,Bangalore
829773,2015,Hyderabad
829775,2015,Chandigarh
829777,2015,Mumbai
829779,2015,Chennai
829781,2015,Kolkata
829783,2015,Mumbai
829785,2015,Bangalore
829761,2015,Kolkata
829787,2015,Mumbai
829789,2015,Chennai
829791,2015,Kolkata
829793,2015,Raipur
829795,2015,Mumbai
829797,2015,Chennai
829799,2015,Hyderabad
829801,2015,Raipur
829803,2015,Chandigarh
829805,2015,Mumbai
829807,2015,Hyderabad
829809,2015,Chandigarh
829811,2015,Mumbai
829813,2015,Bangalore
829815,2015,Hyderabad
829817,2015,Mumbai
829819,2015,Pune
829821,2015,Ranchi
829823,2015,Kolkata
980901,2016,Mumbai
980903,2016,Kolkata
980905,2016,Chandigarh
980907,2016,Bangalore
980909,2016,Kolkata
980911,2016,Rajkot
980913,2016,Delhi
980915,2016,Hyderabad
980917,2016,Mumbai
980919,2016,Chandigarh
980921,2016,Bangalore
980923,2016,Hyderabad
980925,2016,Chandigarh
980927,2016,Mumbai
980929,2016,Rajkot
980931,2016,Pune
980933,2016,Delhi
980935,2016,Hyderabad
980937,2016,Rajkot
980939,2016,Pune
980941,2016,Chandigarh
980943,2016,Hyderabad
980945,2016,Delhi
980947,2016,Mumbai
980949,2016,Pune
980951,2016,Delhi
980953,2016,Hyderabad
980955,2016,Rajkot
980957,2016,Pune
980959,2016,Bangalore
980961,2016,Rajkot
980963,2016,Kolkata
980965,2016,Delhi
980967,2016,Hyderabad
980969,2016,Bangalore
980971,2016,Chandigarh
980973,2016,Visakhapatnam
980975,2016,Kolkata
980977,2016,Chandigarh
980979,2016,Visakhapatnam
980981,2016,Bangalore
980983,2016,Hyderabad
980985,2016,Visakhapatnam
980987,2016,Bangalore
980989,2016,Kolkata
980991,2016,Chandigarh
980993,2016,Visakhapatnam
980995,2016,Kolkata
980997,2016,Visakhapatnam
980999,2016,Bangalore
981001,2016,Kanpur
981003,2016,Raipur
981005,2016,Visakhapatnam
981007,2016,Kanpur
981009,2016,Kolkata
981011,2016,Raipur
981013,2016,Bangalore
981015,2016,Delhi
981017,2016,Delhi
981019,2016,Bangalore
1082591,2017,Hyderabad
1082592,2017,Pune
1082593,2017,Rajkot
1082594,2017,Indore
1082595,2017,Bengaluru
1082596,2017,Hyderabad
1082597,2017,Mumbai
1082598,2017,Indore
1082599,2017,Pune
1082600,2017,Mumbai
1082601,2017,Kolkata
1082602,2017,Bangalore
1082603,2017,Rajkot
1082604,2017,Kolkata
1082605,2017,Delhi
1082606,2017,Mumbai
1082607,2017,Bangalore
1082608,2017,Delhi
1082609,2017,Hyderabad
1082610,2017,Rajkot
1082611,2017,Hyderabad
1082612,2017,Indore
1082613,2017,Kolkata
1082614,2017,Mumbai
1082615,2017,Pune
1082616,2017,Rajkot
1082617,2017,Kolkata
1082618,2017,Mumbai
1082620,2017,Pune
1082621,2017,Bangalore
1082622,2017,Kolkata
1082623,2017,Chandigarh
1082624,2017,Pune
1082625,2017,Rajkot
1082626,2017,Chandigarh
1082627,2017,Hyderabad
1082628,2017,Mumbai
1082629,2017,Pune
1082630,2017,Delhi
1082631,2017,Kolkata
1082632,2017,Delhi
1082633,2017,Bangalore
1082634,2017,Hyderabad
1082635,2017,Delhi
1082636,2017,Bangalore
1082637,2017,Chandigarh
1082638,2017,Hyderabad
1082639,2017,Chandigarh
1082640,2017,Kanpur
1082641,2017,Mumbai
1082642,2017,Delhi
1082643,2017,Kanpur
1082644,2017,Kolkata
1082645,2017,Pune
1082646,2017,Delhi
1082647,2017,Mumbai
1082648,2017,Bangalore
1082649,2017,Bangalore
1082650,2017,Hyderabad
1136561,2018,Mumbai
1136562,2018,Chandigarh
1136563,2018,Kolkata
1136564,2018,Hyderabad
1136565,2018,Chennai
1136566,2018,Jaipur
1136567,2018,Hyderabad
1136568,2018,Bengaluru
1136569,2018,Mumbai
1136570,2018,Kolkata
1136571,2018,Bengaluru
1136572,2018,Chandigarh
1136573,2018,Kolkata
1136574,2018,Mumbai
1136575,2018,Jaipur
1136576,2018,Chandigarh
1136577,2018,Pune
1136578,2018,Kolkata
1136579,2018,Bengaluru
1136580,2018,Hyderabad
1136581,2018,Jaipur
1136582,2018,Delhi
1136583,2018,Mumbai
1136584,2018,Bengaluru
1136585,2018,Hyderabad
1136586,2018,Delhi
1136587,2018,Pune
1136588,2018,Jaipur
1136589,2018,Bengaluru
1136590,2018,Pune
1136591,2018,Bengaluru
1136592,2018,Delhi
1136593,2018,Kolkata
1136594,2018,Indore
1136595,2018,Pune
1136596,2018,Hyderabad
1136597,2018,Mumbai
1136598,2018,Indore
1136599,2018,Hyderabad
1136600,2018,Jaipur
1136601,2018,Kolkata
1136602,2018,Delhi
1136603,2018,Jaipur
1136604,2018,Indore
1136605,2018,Delhi
1136606,2018,Pune
1136607,2018,Mumbai
1136608,2018,Indore
1136609,2018,Kolkata
1136610,2018,Mumbai
1136611,2018,Bengaluru
1136612,2018,Delhi
1136613,2018,Jaipur
1136614,2018,Hyderabad
1136615,2018,Delhi
1136616,2018,Pune
1136617,2018,Mumbai
1136618,2018,Kolkata
1136619,2018,Kolkata
1136620,2018,Mumbai
1175356,2019,Chennai
1175357,2019,Kolkata
1175358,2019,Mumbai
1175359,2019,Jaipur
1175360,2019,Delhi
1175361,2019,Kolkata
1175362,2019,Bengaluru
1175363,2019,Hyderabad
1175364,2019,Chandigarh
1175365,2019,Delhi
1175366,2019,Hyderabad
1175367,2019,Chennai
1175368,2019,Chandigarh
1175369,2019,Jaipur
1175370,2019,Mumbai
1175371,2019,Delhi
1175372,2019,Bengaluru
1178393,2019,Chennai
1178394,2019,Hyderabad
1178395,2019,Bengaluru
1178396,2019,Jaipur
1178397,2019,Chandigarh
1178398,2019,Chennai
1178399,2019,Mumbai
1178400,2019,Jaipur
1178401,2019,Kolkata
1178402,2019,Mumbai
1178403,2019,Chandigarh
1178404,2019,Kolkata
1178405,2019,Hyderabad
1178406,2019,Mumbai
1178407,2019,Chandigarh
1178408,2019,Hyderabad
1178409,2019,Delhi
1178410,2019,Kolkata
1178411,2019,Jaipur
1178412,2019,Delhi
1178413,2019,Hyderabad
1178414,2019,Bengaluru
1178415,2019,Jaipur
1178416,2019,Chennai
1178417,2019,Bengaluru
1178418,2019,Kolkata
1178419,2019,Chennai
1178420,2019,Jaipur
1178421,2019,Delhi
1178422,2019,Kolkata
1178423,2019,Hyderabad
1178424,2019,Bengaluru
1178425,2019,Chennai
1178426,2019,Mumbai
1178427,2019,Chandigarh
1178428,2019,Delhi
1178429,2019,Bengaluru
1178430,2019,Chandigarh
1178431,2019,Mumbai
1181764,2019,Chennai
1181766,2019,Visakhapatnam
1181767,2019,Visakhapatnam
1181768,2019,Hyderabad
1216492,2020/21,Abu Dhabi
1216493,2020/21,NA
1216534,2020/21,NA
1216496,2020/21,NA
1216508,2020/21,Abu Dhabi
1216510,2020/21,NA
1216539,2020/21,NA
1216545,2020/21,Abu Dhabi
1216527,2020/21,NA
1216547,2020/21,NA
1216532,2020/21,Abu Dhabi
1216504,2020/21,NA
1216503,2020/21,Abu Dhabi
1216516,2020/21,NA
1216514,2020/21,Abu Dhabi
1216515,2020/21,NA
1216513,2020/21,NA
1216538,2020/21,NA
1216519,2020/21,NA
1216511,2020/21,Abu Dhabi
1216501,2020/21,Abu Dhabi
1216542,2020/21,NA
1216500,2020/21,NA
1216523,2020/21,Abu Dhabi
1216525,2020/21,NA
1216507,2020/21,NA
1216529,2020/21,Abu Dhabi
1216540,2020/21,NA
1216528,2020/21,NA
1216543,2020/21,NA
1216531,2020/21,NA
1216526,2020/21,Abu Dhabi
1216509,2020/21,NA
1216522,2020/21,NA
1216512,2020/21,Abu Dhabi
1216517,2020/21,NA
1216533,2020/21,Abu Dhabi
1216546,2020/21,NA
1216494,2020/21,Abu Dhabi
1216518,2020/21,NA
1216521,2020/21,NA
1216497,2020/21,Abu Dhabi
1216498,2020/21,NA
1216541,2020/21,Abu Dhabi
1216544,2020/21,NA
1216520,2020/21,NA
1216524,2020/21,NA
1216499,2020/21,Abu Dhabi
1216536,2020/21,NA
1216537,2020/21,Abu Dhabi
1216502,2020/21,NA
1216535,2020/21,NA
1216506,2020/21,Abu Dhabi
1216530,2020/21,NA
1216505,2020/21,Abu Dhabi
1216495,2020/21,NA
1237177,2020/21,NA
1237178,2020/21,Abu Dhabi
1237180,2020/21,Abu Dhabi
1237181,2020/21,NA
1254058,2021,Chennai
1254059,2021,Mumbai
1254060,2021,Chennai
1254061,2021,Mumbai
1254062,2021,Chennai
1254063,2021,Chennai
1254064,2021,Mumbai
1254065,2021,Mumbai
1254066,2021,Chennai
1254067,2021,Chennai
1254068,2021,Mumbai
1254069,2021,Mumbai
1254070,2021,Chennai
1254071,2021,Chennai
1254072,2021,Mumbai
1254073,2021,Mumbai
1254074,2021,Chennai
1254075,2021,Mumbai
1254076,2021,Mumbai
1254077,2021,Chennai
1254078,2021,Ahmedabad
1254079,2021,Ahmedabad
1254080,2021,Delhi
1254081,2021,Delhi
1254082,2021,Ahmedabad
1254083,2021,Ahmedabad
1254084,2021,Delhi
1254085,2021,Delhi
1254086,2021,Ahmedabad
1254104,2021,Dubai
1254087,2021,Abu Dhabi
1254111,2021,Dubai
1254105,2021,Dubai
1254096,2021,Abu Dhabi
1254113,2021,Sharjah
1254097,2021,Abu Dhabi
1254107,2021,Sharjah
1254098,2021,Abu Dhabi
1254108,2021,Dubai
1254100,2021,Dubai
1254092,2021,Sharjah
1254099,2021,Abu Dhabi
1254103,2021,Dubai
1254091,2021,Sharjah
1254102,2021,Dubai
1254089,2021,Abu Dhabi
1254112,2021,Sharjah
1254090,2021,Sharjah
1254109,2021,Dubai
1254110,2021,Dubai
1254093,2021,Sharjah
1254095,2021,Abu Dhabi
1254094,2021,Dubai
1254106,2021,Sharjah
1254088,2021,Abu Dhabi
1254101,2021,Dubai
1254114,2021,Dubai
1254115,2021,Sharjah
1254116,2021,Sharjah
1254117,2021,Dubai
1304047,2022,Mumbai
1304048,2022,Mumbai
1304049,2022,Mumbai
1304050,2022,Mumbai
1304051,2022,Pune
1304052,2022,Mumbai
1304053,2022,Mumbai
1304054,2022,Mumbai
1304055,2022,Mumbai
1304056,2022,Pune
1304057,2022,Mumbai
1304058,2022,Mumbai
1304059,2022,Mumbai
1304060,2022,Pune
1304061,2022,Mumbai
1304062,2022,Mumbai
1304063,2022,Mumbai
1304064,2022,Pune
1304065,2022,Mumbai
1304066,2022,Mumbai
1304067,2022,Mumbai
1304068,2022,Mumbai
1304069,2022,Pune
1304070,2022,Mumbai
1304071,2022,Mumbai
1304072,2022,Mumbai
1304073,2022,Mumbai
1304074,2022,Mumbai
1304075,2022,Pune
1304076,2022,Mumbai
1304077,2022,Mumbai
1304078,2022,Mumbai
1304079,2022,Navi Mumbai
1304080,2022,Mumbai
1304081,2022,Navi Mumbai
1304082,2022,Mumbai
1304083,2022,Mumbai
1304084,2022,Mumbai
1304085,2022,Pune
1304086,2022,Mumbai
1304087,2022,Mumbai
1304088,2022,Pune
1304089,2022,Mumbai
1304090,2022,Navi Mumbai
1304091,2022,Mumbai
1304092,2022,Pune
1304093,2022,Mumbai
1304094,2022,Navi Mumbai
1304095,2022,Pune
1304096,2022,Mumbai
1304097,2022,Mumbai
1304098,2022,Mumbai
1304099,2022,Pune
1304100,2022,Mumbai
1304101,2022,Navi Mumbai
1304102,2022,Navi Mumbai
1304103,2022,Pune
1304104,2022,Navi Mumbai
1304105,2022,Mumbai
1304106,2022,Mumbai
1304107,2022,Pune
1304108,2022,Mumbai
1304109,2022,Mumbai
1304110,2022,Navi Mumbai
1304111,2022,Mumbai
1304112,2022,Navi Mumbai
1304113,2022,Mumbai
1304114,2022,Mumbai
1304115,2022,Mumbai
1304116,2022,Mumbai
1312197,2022,Kolkata
1312198,2022,Kolkata
1312199,2022,Ahmedabad
1312200,2022,Ahmedabad
1359475,2023,Ahmedabad
1359476,2023,Chandigarh
1359477,2023,Lucknow
1359478,2023,Hyderabad
1359479,2023,Bengaluru
1359480,2023,Chennai
1359481,2023,Delhi
1359482,2023,Guwahati
1359483,2023,Kolkata
1359484,2023,Lucknow
1359485,2023,Guwahati
1359486,2023,Mumbai
1359487,2023,Ahmedabad
1359488,2023,Hyderabad
1359489,2023,Bengaluru
1359490,2023,Delhi
1359491,2023,Chennai
1359492,2023,Chandigarh
1359493,2023,Kolkata
1359494,2023,Bengaluru
1359495,2023,Lucknow
1359496,2023,Mumbai
1359497,2023,Ahmedabad
1359498,2023,Bengaluru
1359499,2023,Hyderabad
1359500,2023,Jaipur
1359501,2023,Chandigarh
1359502,2023,Delhi
1359503,2023,Chennai
1359504,2023,Lucknow
1359505,2023,Mumbai
1359506,2023,Bengaluru
1359507,2023,Kolkata
1359508,2023,Hyderabad
1359509,2023,Ahmedabad
1359510,2023,Bengaluru
1359511,2023,Jaipur
1359512,2023,Chandigarh
1359513,2023,Kolkata
1359514,2023,Delhi
1359515,2023,Chennai
1359516,2023,Mumbai
1359517,2023,Lucknow
1359518,2023,Ahmedabad
1359519,2023,Lucknow
1359520,2023,Chandigarh
1359521,2023,Hyderabad
1359522,2023,Jaipur
1359523,2023,Chennai
1359524,2023,Delhi
1359525,2023,Ahmedabad
1359526,2023,Jaipur
1359527,2023,Kolkata
1359528,2023,Mumbai
1359529,2023,Chennai
1359530,2023,Kolkata
1359531,2023,Mumbai
1359532,2023,Hyderabad
1359533,2023,Delhi
1359534,2023,Jaipur
1359535,2023,Chennai
1359536,2023,Ahmedabad
1359537,2023,Lucknow
1359538,2023,Dharamsala
1359539,2023,Hyderabad
1359540,2023,Dharamsala
1359541,2023,Delhi
1359542,2023,Kolkata
1359543,2023,Mumbai
1359544,2023,Bengaluru
1370350,2023,Chennai
1370351,2023,Chennai
1370352,2023,Ahmedabad
1370353,2023,Ahmedabad
1422119,2024,Chennai
1422120,2024,Mohali
1422121,2024,Kolkata
1422122,2024,Jaipur
1422123,2024,Ahmedabad
1422124,2024,Bengaluru
1422125,2024,Chennai
1422126,2024,Hyderabad
1422127,2024,Jaipur
1422128,2024,Bengaluru
1422129,2024,Lucknow
1422130,2024,Ahmedabad
1422131,2024,Visakhapatnam
1422132,2024,Mumbai
1422133,2024,Bengaluru
1422134,2024,Visakhapatnam
1422135,2024,Ahmedabad
1422136,2024,Hyderabad
1422137,2024,Jaipur
1422138,2024,Mumbai
1422139,2024,Lucknow
1426260,2024,Chennai
1426261,2024,Mohali
1426262,2024,Jaipur
1426263,2024,Mumbai
1426264,2024,Lucknow
1426265,2024,Mohali
1426266,2024,Kolkata
1426267,2024,Mumbai
1426268,2024,Bengaluru
1426269,2024,Kolkata
1426270,2024,Ahmedabad
1426271,2024,Mohali
1426272,2024,Lucknow
1426273,2024,Delhi
1426274,2024,Kolkata
1426275,2024,Mohali
1426276,2024,Jaipur
1426277,2024,Chennai
1426278,2024,Delhi
1426279,2024,Hyderabad
1426280,2024,Kolkata
1426281,2024,Delhi
1426282,2024,Lucknow
1426283,2024,Ahmedabad
1426284,2024,Chennai
1426285,2024,Kolkata
1426286,2024,Lucknow
1426287,2024,Chennai
1426288,2024,Hyderabad
1426289,2024,Mumbai
1426290,2024,Bengaluru
1426291,2024,Dharamsala
1426292,2024,Lucknow
1426293,2024,Mumbai
1426294,2024,Delhi
1426295,2024,Hyderabad
1426296,2024,Dharamsala
1426297,2024,Ahmedabad
1426298,2024,Kolkata
1426299,2024,Chennai
1426300,2024,Bengaluru
1426302,2024,Delhi
1426303,2024,Guwahati
1426305,2024,Mumbai
1426306,2024,Bengaluru
1426307,2024,Hyderabad
1426309,2024,Ahmedabad
1426310,2024,Ahmedabad
1426311,2024,Chennai
1426312,2024,Chennai
